patient_id	series_submitter_id	split	annotation_quality
593973-000001	1.2.826.0.1.3680043.10.474.593973.3	train	gold
593973-000010	1.2.826.0.1.3680043.10.474.593973.164	train	gold
593973-000013	1.2.826.0.1.3680043.10.474.593973.217	train	gold
593973-000015	1.2.826.0.1.3680043.10.474.593973.256	train	gold
593973-000017	1.2.826.0.1.3680043.10.474.593973.294	train	gold
593973-000021	1.2.826.0.1.3680043.10.474.593973.365	test	gold
593973-000029	1.2.826.0.1.3680043.10.474.593973.530	test	gold
593973-000031	1.2.826.0.1.3680043.10.474.593973.568	train	gold
593973-000032	1.2.826.0.1.3680043.10.474.593973.588	test	gold
593973-000034	1.2.826.0.1.3680043.10.474.593973.624	test	gold
593973-000037	1.2.826.0.1.3680043.10.474.593973.681	train	gold
593973-000053	1.2.826.0.1.3680043.10.474.593973.986	train	gold
593973-000054	1.2.826.0.1.3680043.10.474.593973.1003	test	gold
593973-000058	1.2.826.0.1.3680043.10.474.593973.1077	train	gold
593973-000059	1.2.826.0.1.3680043.10.474.593973.1099	train	gold
593973-000060	1.2.826.0.1.3680043.10.474.593973.1117	val	gold
593973-000066	1.2.826.0.1.3680043.10.474.593973.1226	train	gold
593973-000070	1.2.826.0.1.3680043.10.474.593973.1300	test	gold
593973-000071	1.2.826.0.1.3680043.10.474.593973.1319	train	gold
593973-000072	1.2.826.0.1.3680043.10.474.593973.1336	train	gold
593973-000073	1.2.826.0.1.3680043.10.474.593973.1354	test	gold
593973-000075	1.2.826.0.1.3680043.10.474.593973.1389	train	gold
593973-000076	1.2.826.0.1.3680043.10.474.593973.1407	val	gold
593973-000078	1.2.826.0.1.3680043.10.474.593973.1443	train	gold
593973-000083	1.2.826.0.1.3680043.10.474.593973.1552	train	gold
593973-000084	1.2.826.0.1.3680043.10.474.593973.1572	train	gold
593973-000084	1.2.826.0.1.3680043.10.474.593973.1589	train	gold
593973-000087	1.2.826.0.1.3680043.10.474.593973.1645	train	gold
593973-000095	1.2.826.0.1.3680043.10.474.593973.1792	test	gold
593973-000100	1.2.826.0.1.3680043.10.474.593973.1884	train	gold
593973-000101	1.2.826.0.1.3680043.10.474.593973.1902	train	gold
593973-000105	1.2.826.0.1.3680043.10.474.593973.1974	train	gold
593973-000123	1.2.826.0.1.3680043.10.474.593973.2305	test	gold
593973-000124	1.2.826.0.1.3680043.10.474.593973.2322	train	gold
593973-000131	1.2.826.0.1.3680043.10.474.593973.2451	test	gold
593973-000132	1.2.826.0.1.3680043.10.474.593973.2469	train	gold
593973-000136	1.2.826.0.1.3680043.10.474.593973.2538	train	gold
593973-000138	1.2.826.0.1.3680043.10.474.593973.2574	train	gold
593973-000144	1.2.826.0.1.3680043.10.474.593973.2682	train	gold
593973-000145	1.2.826.0.1.3680043.10.474.593973.2701	train	gold
593973-000155	1.2.826.0.1.3680043.10.474.593973.2884	test	gold
593973-000156	1.2.826.0.1.3680043.10.474.593973.2901	val	gold
593973-000157	1.2.826.0.1.3680043.10.474.593973.2918	test	gold
593973-000158	1.2.826.0.1.3680043.10.474.593973.2938	train	gold
593973-000161	1.2.826.0.1.3680043.10.474.593973.2994	train	gold
593973-000166	1.2.826.0.1.3680043.10.474.593973.3088	val	gold
593973-000167	1.2.826.0.1.3680043.10.474.593973.3106	train	gold
593973-000172	1.2.826.0.1.3680043.10.474.593973.3199	train	gold
593973-000176	1.2.826.0.1.3680043.10.474.593973.3275	train	gold
593973-000184	1.2.826.0.1.3680043.10.474.593973.3415	test	gold
593973-000195	1.2.826.0.1.3680043.10.474.593973.3618	train	gold
593973-000204	1.2.826.0.1.3680043.10.474.593973.3780	train	gold
593973-000205	1.2.826.0.1.3680043.10.474.593973.3797	val	gold
593973-000208	1.2.826.0.1.3680043.10.474.593973.3854	train	gold
593973-000210	1.2.826.0.1.3680043.10.474.593973.3890	train	gold
593973-000214	1.2.826.0.1.3680043.10.474.593973.3964	test	gold
593973-000215	1.2.826.0.1.3680043.10.474.593973.3983	train	gold
593973-000219	1.2.826.0.1.3680043.10.474.593973.4056	train	gold
593973-000222	1.2.826.0.1.3680043.10.474.593973.4113	train	gold
593973-000225	1.2.826.0.1.3680043.10.474.593973.4166	train	gold
593973-000226	1.2.826.0.1.3680043.10.474.593973.4183	train	gold
593973-000228	1.2.826.0.1.3680043.10.474.593973.4219	train	gold
593973-000232	1.2.826.0.1.3680043.10.474.593973.4291	train	gold
593973-000233	1.2.826.0.1.3680043.10.474.593973.4308	test	gold
593973-000236	1.2.826.0.1.3680043.10.474.593973.4362	train	gold
593973-000237	1.2.826.0.1.3680043.10.474.593973.4380	train	gold
593973-000240	1.2.826.0.1.3680043.10.474.593973.4433	train	gold
593973-000241	1.2.826.0.1.3680043.10.474.593973.4450	train	gold
593973-000243	1.2.826.0.1.3680043.10.474.593973.4488	train	gold
593973-000245	1.2.826.0.1.3680043.10.474.593973.4523	train	gold
593973-000248	1.2.826.0.1.3680043.10.474.593973.4594	test	gold
593973-000249	1.2.826.0.1.3680043.10.474.593973.4612	train	gold
593973-000251	1.2.826.0.1.3680043.10.474.593973.4655	test	gold
593973-000255	1.2.826.0.1.3680043.10.474.593973.4728	train	gold
593973-000257	1.2.826.0.1.3680043.10.474.593973.4766	test	gold
593973-000260	1.2.826.0.1.3680043.10.474.593973.4820	train	gold
593973-000263	1.2.826.0.1.3680043.10.474.593973.4872	train	gold
593973-000265	1.2.826.0.1.3680043.10.474.593973.4907	train	gold
593973-000272	1.2.826.0.1.3680043.10.474.593973.5037	train	gold
593973-000273	1.2.826.0.1.3680043.10.474.593973.5055	train	gold
593973-000276	1.2.826.0.1.3680043.10.474.593973.5112	train	gold
593973-000278	1.2.826.0.1.3680043.10.474.593973.5149	train	gold
593973-000279	1.2.826.0.1.3680043.10.474.593973.5167	train	gold
593973-000282	1.2.826.0.1.3680043.10.474.593973.5222	train	gold
593973-000283	1.2.826.0.1.3680043.10.474.593973.5242	train	gold
593973-000284	1.2.826.0.1.3680043.10.474.593973.5262	train	gold
593973-000291	1.2.826.0.1.3680043.10.474.593973.5386	train	gold
593973-000292	1.2.826.0.1.3680043.10.474.593973.5406	train	gold
593973-000295	1.2.826.0.1.3680043.10.474.593973.5461	test	gold
593973-000300	1.2.826.0.1.3680043.10.474.593973.5551	train	gold
593973-000303	1.2.826.0.1.3680043.10.474.593973.5606	val	gold
593973-000307	1.2.826.0.1.3680043.10.474.593973.5677	train	gold
593973-000310	1.2.826.0.1.3680043.10.474.593973.5729	test	gold
593973-000311	1.2.826.0.1.3680043.10.474.593973.5747	train	gold
593973-000312	1.2.826.0.1.3680043.10.474.593973.5765	train	gold
593973-000316	1.2.826.0.1.3680043.10.474.593973.5836	test	gold
593973-000318	1.2.826.0.1.3680043.10.474.593973.5871	test	gold
593973-000319	1.2.826.0.1.3680043.10.474.593973.5889	val	gold
593973-000320	1.2.826.0.1.3680043.10.474.593973.5905	train	gold
593973-000330	1.2.826.0.1.3680043.10.474.593973.6109	train	gold
593973-000333	1.2.826.0.1.3680043.10.474.593973.6161	train	gold
593973-000334	1.2.826.0.1.3680043.10.474.593973.6179	test	gold
593973-000335	1.2.826.0.1.3680043.10.474.593973.6201	train	gold
593973-000337	1.2.826.0.1.3680043.10.474.593973.6237	train	gold
593973-000355	1.2.826.0.1.3680043.10.474.593973.6560	train	gold
593973-000357	1.2.826.0.1.3680043.10.474.593973.6596	train	gold
593973-000359	1.2.826.0.1.3680043.10.474.593973.6632	train	gold
593973-000361	1.2.826.0.1.3680043.10.474.593973.6671	train	gold
593973-000365	1.2.826.0.1.3680043.10.474.593973.6746	train	gold
593973-000369	1.2.826.0.1.3680043.10.474.593973.6817	train	gold
593973-000371	1.2.826.0.1.3680043.10.474.593973.6853	train	gold
593973-000376	1.2.826.0.1.3680043.10.474.593973.6987	train	gold
593973-000378	1.2.826.0.1.3680043.10.474.593973.7022	train	gold
593973-000379	1.2.826.0.1.3680043.10.474.593973.7039	train	gold
593973-000380	1.2.826.0.1.3680043.10.474.593973.7057	train	gold
593973-000385	1.2.826.0.1.3680043.10.474.593973.7147	train	gold
593973-000390	1.2.826.0.1.3680043.10.474.593973.7237	test	gold
593973-000393	1.2.826.0.1.3680043.10.474.593973.7291	train	gold
593973-000397	1.2.826.0.1.3680043.10.474.593973.7363	test	gold
593973-000399	1.2.826.0.1.3680043.10.474.593973.7399	train	gold
593973-000400	1.2.826.0.1.3680043.10.474.593973.7417	train	gold
593973-000404	1.2.826.0.1.3680043.10.474.593973.7493	val	gold
593973-000405	1.2.826.0.1.3680043.10.474.593973.7510	test	gold
593973-000406	1.2.826.0.1.3680043.10.474.593973.7528	train	gold
593973-000415	1.2.826.0.1.3680043.10.474.593973.7690	train	gold
593973-000418	1.2.826.0.1.3680043.10.474.593973.7744	train	gold
593973-000419	1.2.826.0.1.3680043.10.474.593973.7762	train	gold
593973-000420	1.2.826.0.1.3680043.10.474.593973.7780	train	gold
593973-000425	1.2.826.0.1.3680043.10.474.593973.7872	train	gold
593973-000426	1.2.826.0.1.3680043.10.474.593973.7893	train	gold
593973-000427	1.2.826.0.1.3680043.10.474.593973.7910	train	gold
593973-000429	1.2.826.0.1.3680043.10.474.593973.7947	val	gold
593973-000429	1.2.826.0.1.3680043.10.474.593973.7967	val	gold
593973-000430	1.2.826.0.1.3680043.10.474.593973.7985	test	gold
593973-000432	1.2.826.0.1.3680043.10.474.593973.8021	train	gold
593973-000433	1.2.826.0.1.3680043.10.474.593973.8039	train	gold
593973-000436	1.2.826.0.1.3680043.10.474.593973.8094	val	gold
593973-000437	1.2.826.0.1.3680043.10.474.593973.8112	test	gold
593973-000440	1.2.826.0.1.3680043.10.474.593973.8165	val	gold
593973-000443	1.2.826.0.1.3680043.10.474.593973.8221	train	gold
593973-000444	1.2.826.0.1.3680043.10.474.593973.8238	train	gold
593973-000445	1.2.826.0.1.3680043.10.474.593973.8256	test	gold
593973-000447	1.2.826.0.1.3680043.10.474.593973.8294	test	gold
593973-000451	1.2.826.0.1.3680043.10.474.593973.8367	train	gold
593973-000456	1.2.826.0.1.3680043.10.474.593973.8460	train	gold
593973-000457	1.2.826.0.1.3680043.10.474.593973.8480	val	gold
593973-000458	1.2.826.0.1.3680043.10.474.593973.8498	test	gold
593973-000460	1.2.826.0.1.3680043.10.474.593973.8534	train	gold
593973-000464	1.2.826.0.1.3680043.10.474.593973.8608	train	gold
593973-000468	1.2.826.0.1.3680043.10.474.593973.8688	train	gold
593973-000470	1.2.826.0.1.3680043.10.474.593973.8723	train	gold
593973-000474	1.2.826.0.1.3680043.10.474.593973.8794	train	gold
593973-000476	1.2.826.0.1.3680043.10.474.593973.8829	train	gold
593973-000477	1.2.826.0.1.3680043.10.474.593973.8846	train	gold
593973-000478	1.2.826.0.1.3680043.10.474.593973.8861	train	gold
593973-000480	1.2.826.0.1.3680043.10.474.593973.8897	train	gold
593973-000487	1.2.826.0.1.3680043.10.474.593973.9026	train	gold
593973-000488	1.2.826.0.1.3680043.10.474.593973.9044	val	gold
593973-000494	1.2.826.0.1.3680043.10.474.593973.9149	train	gold
593973-000499	1.2.826.0.1.3680043.10.474.593973.9240	train	gold
593973-000504	1.2.826.0.1.3680043.10.474.593973.9334	train	gold
593973-000506	1.2.826.0.1.3680043.10.474.593973.9379	train	gold
593973-000508	1.2.826.0.1.3680043.10.474.593973.9417	train	gold
593973-000511	1.2.826.0.1.3680043.10.474.593973.9471	train	gold
593973-000518	1.2.826.0.1.3680043.10.474.593973.9596	test	gold
593973-000522	1.2.826.0.1.3680043.10.474.593973.9689	train	gold
593973-000528	1.2.826.0.1.3680043.10.474.593973.9800	train	gold
593973-000533	1.2.826.0.1.3680043.10.474.593973.9891	train	gold
593973-000539	1.2.826.0.1.3680043.10.474.593973.10001	val	gold
593973-000542	1.2.826.0.1.3680043.10.474.593973.10053	train	gold
593973-000548	1.2.826.0.1.3680043.10.474.593973.10159	train	gold
593973-000550	1.2.826.0.1.3680043.10.474.593973.10198	train	gold
593973-000553	1.2.826.0.1.3680043.10.474.593973.10254	train	gold
593973-000554	1.2.826.0.1.3680043.10.474.593973.10272	val	gold
593973-000556	1.2.826.0.1.3680043.10.474.593973.10307	train	gold
593973-000565	1.2.826.0.1.3680043.10.474.593973.10470	train	gold
593973-000567	1.2.826.0.1.3680043.10.474.593973.10505	train	gold
593973-000570	1.2.826.0.1.3680043.10.474.593973.10558	train	gold
593973-000571	1.2.826.0.1.3680043.10.474.593973.10576	test	gold
593973-000574	1.2.826.0.1.3680043.10.474.593973.10630	train	gold
593973-000577	1.2.826.0.1.3680043.10.474.593973.10683	train	gold
593973-000586	1.2.826.0.1.3680043.10.474.593973.10840	val	gold
593973-000588	1.2.826.0.1.3680043.10.474.593973.10875	test	gold
593973-000593	1.2.826.0.1.3680043.10.474.593973.10964	train	gold
593973-000595	1.2.826.0.1.3680043.10.474.593973.11000	train	gold
593973-000596	1.2.826.0.1.3680043.10.474.593973.11018	test	gold
593973-000608	1.2.826.0.1.3680043.10.474.593973.11241	test	gold
593973-000610	1.2.826.0.1.3680043.10.474.593973.11277	train	gold
593973-000612	1.2.826.0.1.3680043.10.474.593973.11312	train	gold
593973-000616	1.2.826.0.1.3680043.10.474.593973.11385	train	gold
593973-000617	1.2.826.0.1.3680043.10.474.593973.11402	test	gold
593973-000620	1.2.826.0.1.3680043.10.474.593973.11460	val	gold
593973-000624	1.2.826.0.1.3680043.10.474.593973.11530	train	gold
593973-000625	1.2.826.0.1.3680043.10.474.593973.11547	train	gold
593973-000626	1.2.826.0.1.3680043.10.474.593973.11564	train	gold
593973-000628	1.2.826.0.1.3680043.10.474.593973.11596	test	gold
593973-000629	1.2.826.0.1.3680043.10.474.593973.11613	test	gold
593973-000631	1.2.826.0.1.3680043.10.474.593973.11648	train	gold
593973-000632	1.2.826.0.1.3680043.10.474.593973.11665	train	gold
593973-000635	1.2.826.0.1.3680043.10.474.593973.11720	train	gold
593973-000640	1.2.826.0.1.3680043.10.474.593973.11808	test	gold
593973-000642	1.2.826.0.1.3680043.10.474.593973.11846	train	gold
593973-000644	1.2.826.0.1.3680043.10.474.593973.11880	train	gold
593973-000645	1.2.826.0.1.3680043.10.474.593973.11897	train	gold
593973-000646	1.2.826.0.1.3680043.10.474.593973.11915	train	gold
593973-000647	1.2.826.0.1.3680043.10.474.593973.11933	train	gold
593973-000648	1.2.826.0.1.3680043.10.474.593973.11951	train	gold
593973-000652	1.2.826.0.1.3680043.10.474.593973.12020	test	gold
593973-000654	1.2.826.0.1.3680043.10.474.593973.12057	train	gold
593973-000656	1.2.826.0.1.3680043.10.474.593973.12097	train	gold
593973-000662	1.2.826.0.1.3680043.10.474.593973.12210	train	gold
593973-000662	1.2.826.0.1.3680043.10.474.593973.12232	train	gold
593973-000664	1.2.826.0.1.3680043.10.474.593973.12266	test	gold
593973-000665	1.2.826.0.1.3680043.10.474.593973.12284	train	gold
593973-000666	1.2.826.0.1.3680043.10.474.593973.12301	train	gold
593973-000669	1.2.826.0.1.3680043.10.474.593973.12396	train	gold
593973-000670	1.2.826.0.1.3680043.10.474.593973.12432	train	gold
593973-000672	1.2.826.0.1.3680043.10.474.593973.12468	train	gold
593973-000675	1.2.826.0.1.3680043.10.474.593973.12522	train	gold
593973-000679	1.2.826.0.1.3680043.10.474.593973.12599	test	gold
593973-000680	1.2.826.0.1.3680043.10.474.593973.12616	test	gold
593973-000686	1.2.826.0.1.3680043.10.474.593973.12731	train	gold
593973-000689	1.2.826.0.1.3680043.10.474.593973.12788	train	gold
593973-000694	1.2.826.0.1.3680043.10.474.593973.12879	train	gold
593973-000695	1.2.826.0.1.3680043.10.474.593973.12900	test	gold
593973-000696	1.2.826.0.1.3680043.10.474.593973.12921	val	gold
593973-000702	1.2.826.0.1.3680043.10.474.593973.13032	train	gold
593973-000707	1.2.826.0.1.3680043.10.474.593973.13118	train	gold
593973-000710	1.2.826.0.1.3680043.10.474.593973.13176	train	gold
593973-000712	1.2.826.0.1.3680043.10.474.593973.13213	train	gold
593973-000716	1.2.826.0.1.3680043.10.474.593973.13285	train	gold
593973-000717	1.2.826.0.1.3680043.10.474.593973.13302	train	gold
593973-000719	1.2.826.0.1.3680043.10.474.593973.13336	train	gold
593973-000721	1.2.826.0.1.3680043.10.474.593973.13372	train	gold
593973-000724	1.2.826.0.1.3680043.10.474.593973.13427	val	gold
593973-000726	1.2.826.0.1.3680043.10.474.593973.13461	train	gold
593973-000727	1.2.826.0.1.3680043.10.474.593973.13479	train	gold
593973-000734	1.2.826.0.1.3680043.10.474.593973.13606	train	gold
593973-000740	1.2.826.0.1.3680043.10.474.593973.13715	train	gold
593973-000741	1.2.826.0.1.3680043.10.474.593973.13731	train	gold
593973-000743	1.2.826.0.1.3680043.10.474.593973.13767	train	gold
593973-000744	1.2.826.0.1.3680043.10.474.593973.13784	test	gold
593973-000750	1.2.826.0.1.3680043.10.474.593973.13895	train	gold
593973-000752	1.2.826.0.1.3680043.10.474.593973.13930	train	gold
593973-000754	1.2.826.0.1.3680043.10.474.593973.13966	train	gold
593973-000755	1.2.826.0.1.3680043.10.474.593973.13984	val	gold
593973-000758	1.2.826.0.1.3680043.10.474.593973.14037	val	gold
593973-000761	1.2.826.0.1.3680043.10.474.593973.14093	val	gold
593973-000766	1.2.826.0.1.3680043.10.474.593973.14190	val	gold
593973-000767	1.2.826.0.1.3680043.10.474.593973.14208	train	gold
593973-000777	1.2.826.0.1.3680043.10.474.593973.14388	val	gold
593973-000778	1.2.826.0.1.3680043.10.474.593973.14406	train	gold
593973-000780	1.2.826.0.1.3680043.10.474.593973.14441	train	gold
593973-000781	1.2.826.0.1.3680043.10.474.593973.14458	train	gold
593973-000783	1.2.826.0.1.3680043.10.474.593973.14493	train	gold
593973-000783	1.2.826.0.1.3680043.10.474.593973.14513	train	gold
593973-000795	1.2.826.0.1.3680043.10.474.593973.14730	train	gold
593973-000797	1.2.826.0.1.3680043.10.474.593973.14766	train	gold
593973-000798	1.2.826.0.1.3680043.10.474.593973.14785	train	gold
593973-000799	1.2.826.0.1.3680043.10.474.593973.14802	val	gold
593973-000803	1.2.826.0.1.3680043.10.474.593973.14911	train	gold
593973-000807	1.2.826.0.1.3680043.10.474.593973.14983	train	gold
593973-000808	1.2.826.0.1.3680043.10.474.593973.15002	train	gold
593973-000809	1.2.826.0.1.3680043.10.474.593973.15020	train	gold
593973-000810	1.2.826.0.1.3680043.10.474.593973.15038	train	gold
593973-000811	1.2.826.0.1.3680043.10.474.593973.15058	train	gold
593973-000822	1.2.826.0.1.3680043.10.474.593973.15263	train	gold
593973-000824	1.2.826.0.1.3680043.10.474.593973.15299	test	gold
593973-000826	1.2.826.0.1.3680043.10.474.593973.15335	test	gold
593973-000829	1.2.826.0.1.3680043.10.474.593973.15389	train	gold
593973-000832	1.2.826.0.1.3680043.10.474.593973.15445	train	gold
593973-000834	1.2.826.0.1.3680043.10.474.593973.15478	train	gold
593973-000837	1.2.826.0.1.3680043.10.474.593973.15531	train	gold
593973-000841	1.2.826.0.1.3680043.10.474.593973.15605	test	gold
593973-000845	1.2.826.0.1.3680043.10.474.593973.15677	val	gold
593973-000853	1.2.826.0.1.3680043.10.474.593973.15825	train	gold
593973-000855	1.2.826.0.1.3680043.10.474.593973.15860	train	gold
593973-000860	1.2.826.0.1.3680043.10.474.593973.15953	test	gold
593973-000865	1.2.826.0.1.3680043.10.474.593973.16043	test	gold
593973-000869	1.2.826.0.1.3680043.10.474.593973.16117	train	gold
593973-000873	1.2.826.0.1.3680043.10.474.593973.16190	train	gold
593973-000877	1.2.826.0.1.3680043.10.474.593973.16267	test	gold
593973-000878	1.2.826.0.1.3680043.10.474.593973.16285	test	gold
593973-000879	1.2.826.0.1.3680043.10.474.593973.16302	train	gold
593973-000880	1.2.826.0.1.3680043.10.474.593973.16320	train	gold
593973-000883	1.2.826.0.1.3680043.10.474.593973.16379	test	gold
593973-000885	1.2.826.0.1.3680043.10.474.593973.16418	train	gold
593973-000891	1.2.826.0.1.3680043.10.474.593973.16527	test	gold
593973-000893	1.2.826.0.1.3680043.10.474.593973.16561	val	gold
593973-000894	1.2.826.0.1.3680043.10.474.593973.16578	train	gold
593973-000902	1.2.826.0.1.3680043.10.474.593973.16741	train	gold
593973-000907	1.2.826.0.1.3680043.10.474.593973.16829	val	gold
593973-000911	1.2.826.0.1.3680043.10.474.593973.16905	val	gold
593973-000913	1.2.826.0.1.3680043.10.474.593973.16942	train	gold
593973-000915	1.2.826.0.1.3680043.10.474.593973.16978	train	gold
593973-000915	1.2.826.0.1.3680043.10.474.593973.16996	train	gold
593973-000916	1.2.826.0.1.3680043.10.474.593973.17016	train	gold
593973-000919	1.2.826.0.1.3680043.10.474.593973.17070	train	gold
593973-000920	1.2.826.0.1.3680043.10.474.593973.17088	test	gold
593973-000926	1.2.826.0.1.3680043.10.474.593973.17198	train	gold
593973-000930	1.2.826.0.1.3680043.10.474.593973.17270	test	gold
593973-000933	1.2.826.0.1.3680043.10.474.593973.17323	train	gold
593973-000942	1.2.826.0.1.3680043.10.474.593973.17491	train	gold
593973-000949	1.2.826.0.1.3680043.10.474.593973.17623	train	gold
593973-000950	1.2.826.0.1.3680043.10.474.593973.17642	train	gold
593973-000951	1.2.826.0.1.3680043.10.474.593973.17660	val	gold
593973-000952	1.2.826.0.1.3680043.10.474.593973.17678	test	gold
593973-000955	1.2.826.0.1.3680043.10.474.593973.17735	test	gold
593973-000961	1.2.826.0.1.3680043.10.474.593973.17839	val	gold
593973-000967	1.2.826.0.1.3680043.10.474.593973.17944	train	gold
593973-000973	1.2.826.0.1.3680043.10.474.593973.18052	val	gold
593973-000974	1.2.826.0.1.3680043.10.474.593973.18069	train	gold
593973-000974	1.2.826.0.1.3680043.10.474.593973.18087	train	gold
593973-000976	1.2.826.0.1.3680043.10.474.593973.18121	train	gold
593973-000978	1.2.826.0.1.3680043.10.474.593973.18159	train	gold
593973-000987	1.2.826.0.1.3680043.10.474.593973.18322	train	gold
593973-000988	1.2.826.0.1.3680043.10.474.593973.18342	train	gold
593973-000992	1.2.826.0.1.3680043.10.474.593973.18413	test	gold
593973-000993	1.2.826.0.1.3680043.10.474.593973.18430	test	gold
593973-000998	1.2.826.0.1.3680043.10.474.593973.18519	test	gold
593973-000999	1.2.826.0.1.3680043.10.474.593973.18537	train	gold
593973-001000	1.2.826.0.1.3680043.10.474.593973.18554	train	gold
593973-001001	1.2.826.0.1.3680043.10.474.593973.18572	train	gold
593973-001008	1.2.826.0.1.3680043.10.474.593973.18695	test	gold
593973-001013	1.2.826.0.1.3680043.10.474.593973.18789	test	gold
593973-001016	1.2.826.0.1.3680043.10.474.593973.18847	train	gold
593973-001018	1.2.826.0.1.3680043.10.474.593973.18884	val	gold
593973-001023	1.2.826.0.1.3680043.10.474.593973.18976	val	gold
593973-001024	1.2.826.0.1.3680043.10.474.593973.18994	train	gold
593973-001026	1.2.826.0.1.3680043.10.474.593973.19028	test	gold
593973-001029	1.2.826.0.1.3680043.10.474.593973.19079	train	gold
593973-001031	1.2.826.0.1.3680043.10.474.593973.19114	test	gold
593973-001032	1.2.826.0.1.3680043.10.474.593973.19131	train	gold
593973-001037	1.2.826.0.1.3680043.10.474.593973.19220	train	gold
593973-001039	1.2.826.0.1.3680043.10.474.593973.19258	val	gold
593973-001043	1.2.826.0.1.3680043.10.474.593973.19330	train	gold
593973-001044	1.2.826.0.1.3680043.10.474.593973.19349	train	gold
593973-001045	1.2.826.0.1.3680043.10.474.593973.19367	test	gold
593973-001047	1.2.826.0.1.3680043.10.474.593973.19402	train	gold
593973-001063	1.2.826.0.1.3680043.10.474.593973.19687	train	gold
593973-001067	1.2.826.0.1.3680043.10.474.593973.19762	train	gold
593973-001070	1.2.826.0.1.3680043.10.474.593973.19817	test	gold
593973-001071	1.2.826.0.1.3680043.10.474.593973.19837	train	gold
593973-001072	1.2.826.0.1.3680043.10.474.593973.19855	train	gold
593973-001079	1.2.826.0.1.3680043.10.474.593973.19979	train	gold
593973-001081	1.2.826.0.1.3680043.10.474.593973.20033	train	gold
593973-001085	1.2.826.0.1.3680043.10.474.593973.20105	train	gold
593973-001086	1.2.826.0.1.3680043.10.474.593973.20122	train	gold
593973-001090	1.2.826.0.1.3680043.10.474.593973.20194	train	gold
593973-001093	1.2.826.0.1.3680043.10.474.593973.20246	train	gold
593973-001094	1.2.826.0.1.3680043.10.474.593973.20264	val	gold
593973-001098	1.2.826.0.1.3680043.10.474.593973.20339	train	gold
593973-001099	1.2.826.0.1.3680043.10.474.593973.20357	train	gold
593973-001101	1.2.826.0.1.3680043.10.474.593973.20391	train	gold
593973-001102	1.2.826.0.1.3680043.10.474.593973.20409	train	gold
593973-001103	1.2.826.0.1.3680043.10.474.593973.20427	test	gold
593973-001104	1.2.826.0.1.3680043.10.474.593973.20447	train	gold
593973-001106	1.2.826.0.1.3680043.10.474.593973.20481	train	gold
593973-001107	1.2.826.0.1.3680043.10.474.593973.20498	train	gold
593973-001109	1.2.826.0.1.3680043.10.474.593973.20537	train	gold
593973-001110	1.2.826.0.1.3680043.10.474.593973.20555	train	gold
593973-001113	1.2.826.0.1.3680043.10.474.593973.20613	train	gold
593973-001115	1.2.826.0.1.3680043.10.474.593973.20648	train	gold
593973-001124	1.2.826.0.1.3680043.10.474.593973.20811	val	gold
593973-001127	1.2.826.0.1.3680043.10.474.593973.20869	train	gold
593973-001128	1.2.826.0.1.3680043.10.474.593973.20886	train	gold
593973-001130	1.2.826.0.1.3680043.10.474.593973.20922	val	gold
593973-001131	1.2.826.0.1.3680043.10.474.593973.20939	train	gold
593973-001133	1.2.826.0.1.3680043.10.474.593973.20974	train	gold
593973-001134	1.2.826.0.1.3680043.10.474.593973.20992	train	gold
593973-001137	1.2.826.0.1.3680043.10.474.593973.21047	test	gold
593973-001139	1.2.826.0.1.3680043.10.474.593973.21081	train	gold
593973-001140	1.2.826.0.1.3680043.10.474.593973.21101	train	gold
593973-001141	1.2.826.0.1.3680043.10.474.593973.21121	train	gold
593973-001142	1.2.826.0.1.3680043.10.474.593973.21140	test	gold
593973-001143	1.2.826.0.1.3680043.10.474.593973.21158	train	gold
593973-001145	1.2.826.0.1.3680043.10.474.593973.21197	train	gold
593973-001150	1.2.826.0.1.3680043.10.474.593973.21286	train	gold
593973-001151	1.2.826.0.1.3680043.10.474.593973.21303	val	gold
593973-001152	1.2.826.0.1.3680043.10.474.593973.21322	test	gold
593973-001154	1.2.826.0.1.3680043.10.474.593973.21358	train	gold
593973-001156	1.2.826.0.1.3680043.10.474.593973.21399	train	gold
593973-001158	1.2.826.0.1.3680043.10.474.593973.21434	test	gold
593973-001160	1.2.826.0.1.3680043.10.474.593973.21470	train	gold
593973-001164	1.2.826.0.1.3680043.10.474.593973.21540	train	gold
593973-001165	1.2.826.0.1.3680043.10.474.593973.21563	train	gold
593973-001168	1.2.826.0.1.3680043.10.474.593973.21614	train	gold
593973-001168	1.2.826.0.1.3680043.10.474.593973.21632	train	gold
593973-001168	1.2.826.0.1.3680043.10.474.593973.21650	train	gold
593973-001170	1.2.826.0.1.3680043.10.474.593973.21686	test	gold
593973-001172	1.2.826.0.1.3680043.10.474.593973.21721	train	gold
593973-001177	1.2.826.0.1.3680043.10.474.593973.21814	train	gold
593973-001179	1.2.826.0.1.3680043.10.474.593973.21851	train	gold
593973-001181	1.2.826.0.1.3680043.10.474.593973.21888	train	gold
593973-001185	1.2.826.0.1.3680043.10.474.593973.21963	test	gold
593973-001186	1.2.826.0.1.3680043.10.474.593973.21980	val	gold
593973-001190	1.2.826.0.1.3680043.10.474.593973.22053	val	gold
593973-001192	1.2.826.0.1.3680043.10.474.593973.22090	train	gold
593973-001194	1.2.826.0.1.3680043.10.474.593973.22128	val	gold
593973-001197	1.2.826.0.1.3680043.10.474.593973.22182	test	gold
593973-001198	1.2.826.0.1.3680043.10.474.593973.22199	train	gold
593973-001206	1.2.826.0.1.3680043.10.474.593973.22350	train	gold
593973-001207	1.2.826.0.1.3680043.10.474.593973.22370	train	gold
593973-001209	1.2.826.0.1.3680043.10.474.593973.22404	train	gold
593973-001217	1.2.826.0.1.3680043.10.474.593973.22588	train	gold
593973-001221	1.2.826.0.1.3680043.10.474.593973.22661	train	gold
593973-001223	1.2.826.0.1.3680043.10.474.593973.22695	train	gold
593973-001226	1.2.826.0.1.3680043.10.474.593973.22749	val	gold
